kit_name,kit_name_hebrew,target_customer,item_list,sourcing_cost_usd,shipping_usd,landed_cost_usd,landed_cost_ils,price_ils,gross_margin_ils,gross_margin_pct,break_even_cac_ils,target_cac_ils,declared_value_usd,role,recommendation
Kit C - Nail Art Trend Kit,ערכת הטרנדים,Both segments + trend impulse buyers 18-35,"cat-eye magnet set 3 shapes ($2.50) + chrome/aurora powders 6pc ($3) + rhinestones 1000pc ($2.89) + foil/sticker pack ($1.50) + art brush/dotting 15pc ($2) + Hebrew trend card (~$1 local)",12.00,8.00,20.00,75,169,94 (before fees/refunds ~75 net),~44% net contribution,75,45-60,25-35,FIRST TEST + tripwire into Kit B,TEST FIRST - zero regulatory risk + rides #1 trend + products ARE the content
Kit A - DIY Starter Kit,ערכת הבית,DIY girls replacing salon visits 19-40,"48W USB lamp ($6) + files/buffers set ($2) + cuticle pusher + dust brush ($1.50) + tips 100pc + adhesive tabs ($2) + sticker/foil pack ($1.50) + Hebrew quick-start cards (~$1) — NO GEL (local-purchase guide included)",13.00,8.00,21.00,79,249,170 (before fees ~150 net),~60%,118,70-90,30-40,Catch pure-DIY segment after traffic exists,LAUNCH 3rd - needs the local-gel-guide content asset first
Kit B - Pro Beginner Kit,ערכת המקצוענית,Beginner nail techs starting to take clients 19-35,"3-in-1 machine drill+lamp+dust ($20) + carbide bits 6pc ($4.50) + sanding bands 100pc + mandrels ($2) + practice hand ($6) + tips 500pc + tabs ($3) + brush set ($2) + storage case ($3) + Hebrew bit-guide cards (~$1)",38.00,12.00,50.00,188,449,261 (before fees ~230 net),~58%,215,120-160,45-60,HERO + margin offer,LAUNCH 2nd - after Kit C validates audience AND CE PDF verified
Kit D - Refill Kit,ערכת החידוש,Existing customers reorder cycle 6-8 weeks,"sanding bands 100pc ($1.48) + files/buffers 10pc ($2) + dust brush ($0.80) + tips 100pc ($1.50) + rotating trend item ($2)",7.00,6.00,13.00,49,99,50 (before fees ~42 net),~62%,55,25-40,15-20,Retention/repeat revenue via WhatsApp flow,BUILD at month 2 - mirrors hastudio Kit1-to-Kit2 funnel in reverse
Kit C scenario - conservative,—,12 orders/month,Kit C BOM,12.00,8.00,20.00,75,169,75 net x 12 = 900 contribution,—,75,CAC 60 actual,—,—,Net ~180 ILS/mo - validation stage only
Kit C scenario - base,—,25 orders/month,Kit C BOM,12.00,8.00,20.00,75,169,75 net x 25 = 1875 contribution,—,75,CAC 50 actual,—,—,Net ~625 ILS/mo + upsell pipeline forming
Kit C scenario - optimistic,—,50 orders/month,Kit C BOM,12.00,8.00,20.00,75,169,75 net x 50 = 3750 contribution,—,75,CAC 40 actual,—,—,Net ~1750 ILS/mo + 15% take Kit B upsell
Kit B scenario - base,—,10 orders/month (upsell-driven),Kit B BOM,38.00,12.00,50.00,188,449,230 net x 10 = 2300 contribution,—,215,CAC 100 (warm upsell),—,—,Net ~1300 ILS/mo - this is where the business makes money
Assumptions,—,—,"FX 1 USD = 3.75 ILS | payment fees 2% | refund allowance 6% (8% for Kit B electrical) | economy air 15-22 days | VAT threshold $75 (reverted June 2 2026) - all declared values have buffer below it",—,—,—,—,—,—,—,—,—,—,—,—
