platform,language,hook,target_customer,pain_point,product_angle,video_format,notes
TikTok,Hebrew,האחיזה שלי נכשלת לפני שהגב שלי נגמר — עד שניסיתי את זה,Men 22-35 intermediate gym,Grip fails before back on deadlifts/rows,Lifting straps solve grip as limiting factor,Problem-solution 15 sec: grip slipping shown → strap applied → successful heavy lift,Very high resonance pain point. Universal in lifting community.
TikTok,Hebrew,3 אביזרים שכל מתחיל בחדר כושר חייב לדעת עליהם,Beginners men and women 18-30,Don't know what gym accessories to start with,Beginner gym kit = lifting straps + wrist wraps + carry pouch,List format with text overlay. Show each item with one sentence,Education content gets saves. Saves = algorithm signal. Strong for organic.
TikTok,Hebrew,ערכת הכבלים של הנשים — מה אני לוקחת לכל אימון,Women 20-35 training legs and back,No single kit for cable exercises. Multiple items needed. No aesthetic option locally.,Ankle straps + lifting straps + wrist wraps in one pouch,POV gym bag open → flat lay → demo each item on cable machine,Women's gym aesthetic content is top TikTok format in Israel. High shareability.
TikTok,Hebrew,אחיות לרגל מטיח ב-Decathlon vs הערכה שלנו — השוואה אמיתית,Women 20-35,Paying full price for single items at Decathlon,Kit at 229 ILS vs Decathlon per-item total of 167+ ILS with no pouch and no story,Comparison format: Decathlon product shown → our kit shown → price math on screen,Price comparison format gets high engagement. Be factual not disparaging.
TikTok,Hebrew,יום גב בלי כאב בשורש כף היד — הנה מה שעזר לי,Men and women 25-40,Wrist pain during pressing and pulling exercises,Wrist wraps included in kit = direct solution,Talking head + product demo. Authentic. No script feel.,Pain-to-solution content converts well. Wrist pain is universal gym complaint.
TikTok,English,Your grip fails before your back does — here is the fix,Men 22-35 intermediate gym,Grip is the limiting factor on deadlifts and rows not back strength,Lifting straps remove grip as limiting factor,15 sec: bar slipping shown text overlay → straps used → hit the lift,Top search query on TikTok. Use existing search demand. #deadliftgrip #gripfails
TikTok,English,Things I wish someone told me when I started lifting,Beginners all genders 18-30,Don't know what gym accessories actually matter,Beginner kit includes lifting straps wrist wraps and ankle straps,List carousel or talking head with text overlay,Classic beginner education format. Very high save rate. Algorithm loves it.
TikTok,English,Gym girl aesthetic that actually trains hard,Women 20-35 aesthetic focused,Want gym accessories that look good AND work. Tired of boring black gym gear.,Ankle straps in blush or neutral + matching pouch. Functional AND aesthetic.,Aesthetic flat lay → demo on cable machine → pouch close shot,#gymgirl #anklestraps #gymgirlesthetic consistently viral. High repost potential.
Instagram Reels,Hebrew,מה אני לוקחת לאימון רגליים — הכל בפאוץ' אחד,Women 22-38 training legs,No single place to buy all cable accessories in Israel,Kit C: ankle straps + lifting straps + wrist wraps + pouch,Aesthetic close-up reel. Flat lay open → items shown one by one → pouch zipped closed,Instagram Reels works better than TikTok for polished aesthetic content with Israeli women audience.
Instagram Reels,Hebrew,כי הגב שלך לא אשם — האחיזה שלך אשמה,Men 22-35 back day focused,Think their back is weak but actually it's grip that fails first,Lifting straps = back gets to work properly. Grip stops being the bottleneck.,Text overlay on footage of heavy row/pulldown. Before straps: grip fail text. After straps: PR text.,Educational angle positions you as authority. Builds brand trust before sale.
Instagram Reels,Hebrew,מה שהיה חסר לי לפני שנה בחדר הכושר,Beginners reflecting on their journey,Wasted time not knowing what gear to buy,Kit as the complete beginner starter pack,Story format: what I didn't have → what changed → result. Authentic voice.,Reflective story content performs well on Instagram Stories and Reels with 25-35 demo.
Instagram Reels,English,Unboxing my new gym kit — honest review after 3 months,Women and men 20-35,Looking for authentic reviews of gym accessories before buying,Kit quality and value reviewed honestly,Unboxing + each item demo + honest verdict. No sponsor tone.,UGC-style content converts better than polished ads for this category. Feels authentic.
Facebook (Groups),Hebrew,איזה ציוד אתם ממליצים למתחיל בחדר כושר?,Beginners 20-40 in Israeli gym Facebook groups,Don't know where to start with gym accessories,Soft intro to kit as answer to group question. Do not post as ad - as genuine contribution.,Text post + product photo. Reply with helpful context. Mention kit organically.,Facebook groups like חדר כושר ישראל have thousands of beginners asking this exact question. Organic community play.
Facebook Ads,Hebrew,ערכת האחיזה הישראלית — 229 שקל. כל מה שצריך. בפאוץ' אחד.,Women 20-40 interested in gym fitness in Israel,No single curated kit available in Israel at accessible price,Kit C as complete cable/grip solution,Static image: flat lay of kit items on neutral background. Price overlay. CTA: הזמן בוואטסאפ,Facebook ads with static image + clear price + Hebrew text work well for Israeli e-commerce at under 50 ILS/day initial test.
Facebook Ads,Hebrew,יום רגליים? זה הציוד שחסר לך,Women 20-35 gym focused,Missing the right accessories for effective cable leg work,Ankle straps + lifting straps combo as solution for leg day,Video: 5 seconds flat lay → 5 seconds ankle strap on cable kickback → 5 seconds wrist wrap on row → 3 seconds pouch close → price CTA,Short video ads with 3 product demos in 15 seconds convert well on Facebook for fitness products.
WhatsApp,Hebrew,שלום! ראיתי את הסרטון שלכם — איך מזמינים?,Women and men who clicked from social,Ready to buy but need order info,Respond with kit details + photo + price + payment link in 1 message,Quick reply template: kit photo + items listed + price 229 ILS + payment: Bit or PayBox + shipping time 15-22 days,WhatsApp close rate can be 40-70% for Israeli e-commerce if response is fast and clear. Critical to respond within 1 hour.
Reddit,English,Anyone else find liquid chalk risky for shipping to Israel? Switched to straps instead.,Israeli expats and English-speaking gym community,Confusion about liquid chalk shipping safety,Lifting straps as liquid-chalk-free alternative,Text post in r/Israel or r/IsraelExpats or r/weightlifting. Share real experience.,Reddit is long-tail traffic. Low volume but high trust when genuine. Not for scale but for content research.
YouTube Shorts,Hebrew,3 אביזרי חדר כושר שכל מתחיל חייב — בדיקה אמיתית,Beginners 18-35,Don't know what accessories to buy as beginner,Kit A as the 3-item beginner solution,60 second vertical video. Talking head with product close-ups. Hebrew Hebrew voiceover.,YouTube Shorts algorithm surfaces Hebrew content to Israeli users more reliably than TikTok for older demographics. Good for 28-40 audience.
YouTube Shorts,English,I tested every grip solution for deadlifts — here is what actually works,Lifters 22-40 internationally and Israeli English speakers,Grip fails on heavy pulls. Tried chalk tried gloves tried mixed grip.,Lifting straps and figure-8 straps as the real solution,Comparison test: chalk vs wraps vs straps vs figure-8. Show each with same weight. Verdict at end.,English YouTube reaches Israeli English-speaking fitness community. Also serves as credibility content.
TikTok,Hebrew,לא כפפות — זה מה שבאמת עובד ביום הגב,Men and women 22-35 intermediate,Bought gym gloves but still slipping on pulls,Lifting straps vs gloves: straps win for pulling exercises,Split screen or talking head. Gloves shown → poor grip. Straps shown → better grip. Clear message.,Anti-gloves angle is a strong hook because most beginners buy gloves first. Positions us as contrarian expert.
